<?xml version="1.0" encoding="UTF-8"?>
<beans xmlns="http://www.springframework.org/schema/beans"
	xmlns:xsi="http://www.w3.org/2001/XMLSchema-instance"
	xsi:schemaLocation="http://www.springframework.org/schema/beans
		https://www.springframework.org/schema/beans/spring-beans.xsd">

	<!-- services -->

	<bean id="department" class="com.example.prg2.Department" scope="prototype">
		<constructor-arg name="college" ref="college"></constructor-arg>
	</bean>

	
	<bean id="college" class="com.example.prg2.College" scope="singleton">
		<property name="name" value="RV College of Engineering"></property>
		<property name="address" value="Mysury Road"></property>
	</bean>

</beans>